{
  "serial": {
    "time": 583.2970871925354,
    "throughput": 536.0698631509694,
    "final_accuracy": 0.9904
  },
  "parallel": {
    "2": {
      "time": 798.297046661377,
      "speedup": 0.730676744492529,
      "efficiency": 0.3653383722462645,
      "throughput": 388.1500731939118,
      "final_accuracy": 0.988
    },
    "4": {
      "time": 1854.1769499778748,
      "speedup": 0.31458544838425245,
      "efficiency": 0.07864636209606311,
      "throughput": 162.73442002018695,
      "final_accuracy": 0.9861
    },
    "8": {
      "time": 2736.4086875915527,
      "speedup": 0.21316153900458623,
      "efficiency": 0.02664519237557328,
      "throughput": 110.69235106912363,
      "final_accuracy": 0.9801
    },
    "12": {
      "time": 2798.7425055503845,
      "speedup": 0.2084139880806318,
      "efficiency": 0.01736783234005265,
      "throughput": 109.40311112639935,
      "final_accuracy": 0.9778
    }
  }
}